id,label
SEQ0,10
SEQ1,24
SEQ2,21
SEQ3,11
SEQ4,12
SEQ5,24
SEQ6,21
SEQ7,24
SEQ8,10
SEQ9,24
SEQ10,24
SEQ11,24
SEQ12,24
SEQ13,11
SEQ14,17
SEQ15,24
SEQ16,24
SEQ17,15
SEQ18,24
SEQ19,24
SEQ20,24
SEQ21,24
SEQ22,11
SEQ23,21
SEQ24,15
SEQ25,24
SEQ26,15
SEQ27,24
SEQ28,24
SEQ29,17
SEQ30,24
SEQ31,24
SEQ32,11
SEQ33,21
SEQ34,21
SEQ35,10
SEQ36,23
SEQ37,24
SEQ38,24
SEQ39,24
SEQ40,24
SEQ41,24
SEQ42,24
SEQ43,15
SEQ44,15
SEQ45,24
SEQ46,24
SEQ47,24
SEQ48,24
SEQ49,24
SEQ50,24
SEQ51,24
SEQ52,21
SEQ53,24
SEQ54,24
SEQ55,24
SEQ56,24
SEQ57,21
SEQ58,12
SEQ59,11
SEQ60,24
SEQ61,18
SEQ62,24
SEQ63,21
SEQ64,12
SEQ65,24
SEQ66,24
SEQ67,24
SEQ68,24
SEQ69,21
SEQ70,21
SEQ71,11
SEQ72,24
SEQ73,24
SEQ74,24
SEQ75,24
SEQ76,24
SEQ77,15
SEQ78,21
SEQ79,24
SEQ80,21
SEQ81,24
SEQ82,24
SEQ83,24
SEQ84,17
SEQ85,24
SEQ86,15
SEQ87,15
SEQ88,15
SEQ89,24
SEQ90,24
SEQ91,21
SEQ92,21
SEQ93,24
SEQ94,24
SEQ95,24
SEQ96,24
SEQ97,21
SEQ98,21
SEQ99,24
SEQ100,12
SEQ101,24
SEQ102,24
SEQ103,24
SEQ104,24
SEQ105,24
SEQ106,21
SEQ107,24
SEQ108,24
SEQ109,21
SEQ110,24
SEQ111,24
SEQ112,15
SEQ113,15
SEQ114,24
SEQ115,15
SEQ116,16
SEQ117,24
SEQ118,15
SEQ119,24
SEQ120,24
SEQ121,24
SEQ122,21
SEQ123,24
SEQ124,24
SEQ125,24
SEQ126,24
SEQ127,24
SEQ128,15
SEQ129,24
SEQ130,24
SEQ131,24
SEQ132,10
SEQ133,24
SEQ134,24
SEQ135,24
SEQ136,17
SEQ137,10
SEQ138,11
SEQ139,24
SEQ140,24
SEQ141,24
SEQ142,24
SEQ143,15
SEQ144,24
SEQ145,24
SEQ146,24
SEQ147,21
SEQ148,21
SEQ149,24
SEQ150,16
SEQ151,11
SEQ152,11
SEQ153,24
SEQ154,24
SEQ155,24
SEQ156,24
SEQ157,24
SEQ158,24
SEQ159,11
SEQ160,24
SEQ161,24
SEQ162,24
SEQ163,24
SEQ164,24
SEQ165,24
SEQ166,24
SEQ167,21
SEQ168,24
SEQ169,24
SEQ170,24
SEQ171,24
SEQ172,21
SEQ173,12
SEQ174,24
SEQ175,24
SEQ176,24
SEQ177,21
SEQ178,24
SEQ179,24
SEQ180,11
SEQ181,15
SEQ182,24
SEQ183,24
SEQ184,24
SEQ185,24
SEQ186,12
SEQ187,11
SEQ188,15
SEQ189,24
SEQ190,21
SEQ191,18
SEQ192,24
SEQ193,15
SEQ194,24
SEQ195,24
SEQ196,24
SEQ197,24
SEQ198,24
SEQ199,24
SEQ200,24
SEQ201,17
SEQ202,24
SEQ203,17
SEQ204,10
SEQ205,21
SEQ206,24
SEQ207,24
SEQ208,21
SEQ209,24
SEQ210,24
SEQ211,24
SEQ212,24
SEQ213,17
SEQ214,17
SEQ215,24
SEQ216,24
SEQ217,21
SEQ218,24
SEQ219,24
SEQ220,24
SEQ221,21
SEQ222,24
SEQ223,21
SEQ224,24
SEQ225,17
SEQ226,24
SEQ227,24
SEQ228,17
SEQ229,24
SEQ230,24
SEQ231,17
SEQ232,24
SEQ233,24
SEQ234,15
SEQ235,24
SEQ236,24
SEQ237,24
SEQ238,11
SEQ239,24
SEQ240,24
SEQ241,24
SEQ242,21
SEQ243,17
SEQ244,24
SEQ245,24
SEQ246,24
SEQ247,18
SEQ248,24
SEQ249,24
SEQ250,24
SEQ251,21
SEQ252,24
SEQ253,17
SEQ254,18
SEQ255,15
SEQ256,24
SEQ257,17
SEQ258,21
SEQ259,15
SEQ260,21
SEQ261,24
SEQ262,24
SEQ263,24
SEQ264,17
SEQ265,24
SEQ266,24
SEQ267,23
SEQ268,24
SEQ269,24
SEQ270,10
SEQ271,21
SEQ272,24
SEQ273,24
SEQ274,21
SEQ275,18
SEQ276,24
SEQ277,24
SEQ278,18
SEQ279,24
SEQ280,24
SEQ281,24
SEQ282,24
SEQ283,21
SEQ284,24
SEQ285,24
SEQ286,24
SEQ287,24
SEQ288,21
SEQ289,21
SEQ290,15
SEQ291,24
SEQ292,15
SEQ293,24
SEQ294,24
SEQ295,24
SEQ296,21
SEQ297,18
SEQ298,24
SEQ299,15
SEQ300,17
SEQ301,17
SEQ302,21
SEQ303,12
SEQ304,15
SEQ305,21
SEQ306,24
SEQ307,24
SEQ308,17
SEQ309,24
SEQ310,24
SEQ311,24
SEQ312,21
SEQ313,24
SEQ314,15
SEQ315,15
SEQ316,24
SEQ317,21
SEQ318,21
SEQ319,24
SEQ320,17
SEQ321,12
SEQ322,24
SEQ323,21
SEQ324,24
SEQ325,15
SEQ326,24
SEQ327,24
SEQ328,24
SEQ329,24
SEQ330,24
SEQ331,11
SEQ332,15
SEQ333,24
SEQ334,24
SEQ335,17
SEQ336,21
SEQ337,13
SEQ338,24
SEQ339,15
SEQ340,17
SEQ341,17
SEQ342,15
SEQ343,24
SEQ344,21
SEQ345,24
SEQ346,11
SEQ347,24
SEQ348,24
SEQ349,24
SEQ350,24
SEQ351,21
SEQ352,17
SEQ353,24
SEQ354,17
SEQ355,24
SEQ356,24
SEQ357,21
SEQ358,21
SEQ359,15
SEQ360,24
SEQ361,24
SEQ362,13
SEQ363,12
SEQ364,24
SEQ365,24
SEQ366,24
SEQ367,24
SEQ368,24
SEQ369,24
SEQ370,15
SEQ371,24
SEQ372,24
SEQ373,21
SEQ374,13
SEQ375,12
SEQ376,24
SEQ377,24
SEQ378,24
SEQ379,24
SEQ380,24
SEQ381,15
SEQ382,24
SEQ383,24
SEQ384,21
SEQ385,24
SEQ386,24
SEQ387,24
SEQ388,17
SEQ389,24
SEQ390,21
SEQ391,21
SEQ392,24
SEQ393,24
SEQ394,24
SEQ395,17
SEQ396,11
SEQ397,24
SEQ398,15
SEQ399,15
SEQ400,24
SEQ401,15
SEQ402,24
SEQ403,24
SEQ404,24
SEQ405,24
SEQ406,21
SEQ407,24
SEQ408,10
SEQ409,24
SEQ410,24
SEQ411,15
SEQ412,21
SEQ413,24
SEQ414,24
SEQ415,24
SEQ416,24
SEQ417,24
SEQ418,24
SEQ419,24
SEQ420,24
SEQ421,21
SEQ422,24
SEQ423,21
SEQ424,24
SEQ425,24
SEQ426,21
SEQ427,21
SEQ428,24
SEQ429,21
SEQ430,24
SEQ431,24
SEQ432,24
SEQ433,12
SEQ434,13
SEQ435,17
SEQ436,15
SEQ437,21
SEQ438,17
SEQ439,24
SEQ440,21
SEQ441,24
SEQ442,24
SEQ443,15
SEQ444,24
SEQ445,12
SEQ446,17
SEQ447,24
SEQ448,24
SEQ449,24
SEQ450,24
SEQ451,24
SEQ452,24
SEQ453,17
SEQ454,24
SEQ455,24
SEQ456,15
SEQ457,24
SEQ458,24
SEQ459,24
SEQ460,21
SEQ461,24
SEQ462,13
SEQ463,24
SEQ464,24
SEQ465,24
SEQ466,24
SEQ467,24
SEQ468,24
SEQ469,21
SEQ470,21
SEQ471,24
SEQ472,24
SEQ473,24
SEQ474,24
SEQ475,24
SEQ476,21
SEQ477,15
SEQ478,24
SEQ479,24
SEQ480,24
SEQ481,24
SEQ482,21
SEQ483,24
SEQ484,24
SEQ485,21
SEQ486,24
SEQ487,24
SEQ488,24
SEQ489,24
SEQ490,11
SEQ491,24
SEQ492,21
SEQ493,21
SEQ494,10
SEQ495,24
SEQ496,11
SEQ497,21
SEQ498,11
SEQ499,24
SEQ500,15
SEQ501,24
SEQ502,24
SEQ503,24
SEQ504,24
SEQ505,15
SEQ506,24
SEQ507,24
SEQ508,17
SEQ509,24
SEQ510,24
SEQ511,18
SEQ512,24
SEQ513,15
SEQ514,24
SEQ515,21
SEQ516,15
SEQ517,24
SEQ518,24
SEQ519,24
SEQ520,21
SEQ521,24
SEQ522,24
SEQ523,24
SEQ524,19
SEQ525,24
SEQ526,24
SEQ527,24
SEQ528,15
SEQ529,24
SEQ530,11
SEQ531,11
SEQ532,21
SEQ533,24
SEQ534,21
SEQ535,24
SEQ536,21
SEQ537,10
SEQ538,24
SEQ539,21
SEQ540,24
SEQ541,24
SEQ542,24
SEQ543,24
SEQ544,24
SEQ545,21
SEQ546,24
SEQ547,24
SEQ548,24
SEQ549,21
SEQ550,24
SEQ551,24
SEQ552,16
SEQ553,24
SEQ554,24
SEQ555,11
SEQ556,21
SEQ557,24
SEQ558,24
SEQ559,24
SEQ560,24
SEQ561,24
SEQ562,17
SEQ563,24
SEQ564,11
SEQ565,10
SEQ566,21
SEQ567,24
SEQ568,24
SEQ569,21
SEQ570,11
SEQ571,21
SEQ572,21
SEQ573,24
SEQ574,24
SEQ575,21
SEQ576,18
SEQ577,21
SEQ578,24
SEQ579,24
SEQ580,24
SEQ581,15
SEQ582,24
SEQ583,21
SEQ584,21
SEQ585,15
SEQ586,24
SEQ587,15
SEQ588,17
SEQ589,18
SEQ590,21
SEQ591,13
SEQ592,12
SEQ593,21
SEQ594,24
SEQ595,21
SEQ596,24
SEQ597,24
SEQ598,21
SEQ599,24
SEQ600,15
SEQ601,21
SEQ602,24
SEQ603,24
SEQ604,24
SEQ605,15
SEQ606,21
SEQ607,24
SEQ608,24
SEQ609,24
SEQ610,21
SEQ611,12
SEQ612,24
SEQ613,13
SEQ614,21
SEQ615,21
SEQ616,18
SEQ617,21
SEQ618,24
SEQ619,24
SEQ620,24
SEQ621,15
SEQ622,24
SEQ623,24
SEQ624,13
SEQ625,24
SEQ626,24
SEQ627,24
SEQ628,11
SEQ629,24
SEQ630,15
SEQ631,10
SEQ632,24
SEQ633,24
SEQ634,15
SEQ635,24
SEQ636,21
SEQ637,21
SEQ638,24
SEQ639,15
SEQ640,24
SEQ641,24
SEQ642,24
SEQ643,24
SEQ644,17
SEQ645,24
SEQ646,24
SEQ647,21
SEQ648,21
SEQ649,24
SEQ650,24
SEQ651,24
SEQ652,24
SEQ653,24
SEQ654,21
SEQ655,15
SEQ656,24
SEQ657,24
SEQ658,10
SEQ659,24
SEQ660,15
SEQ661,21
SEQ662,24
SEQ663,24
SEQ664,24
SEQ665,21
SEQ666,24
SEQ667,24
SEQ668,24
SEQ669,24
SEQ670,15
SEQ671,24
SEQ672,24
SEQ673,21
SEQ674,24
SEQ675,12
SEQ676,24
SEQ677,11
SEQ678,24
SEQ679,24
SEQ680,24
SEQ681,24
SEQ682,24
SEQ683,17
SEQ684,24
SEQ685,21
SEQ686,18
SEQ687,24
SEQ688,15
SEQ689,11
SEQ690,24
SEQ691,24
SEQ692,21
SEQ693,11
SEQ694,24
SEQ695,24
SEQ696,21
SEQ697,24
SEQ698,24
SEQ699,21
SEQ700,15
SEQ701,12
SEQ702,15
SEQ703,15
SEQ704,24
SEQ705,24
SEQ706,24
SEQ707,24
SEQ708,24
SEQ709,24
SEQ710,24
SEQ711,24
SEQ712,21
SEQ713,10
SEQ714,24
SEQ715,21
SEQ716,21
SEQ717,17
SEQ718,21
SEQ719,15
SEQ720,24
SEQ721,15
SEQ722,24
SEQ723,24
SEQ724,15
SEQ725,12
SEQ726,24
SEQ727,17
SEQ728,24
SEQ729,15
SEQ730,21
SEQ731,24
SEQ732,24
SEQ733,21
SEQ734,15
SEQ735,21
SEQ736,15
SEQ737,24
SEQ738,24
SEQ739,24
SEQ740,24
SEQ741,24
SEQ742,24
SEQ743,24
SEQ744,24
SEQ745,15
SEQ746,24
SEQ747,24
SEQ748,21
SEQ749,21
SEQ750,11
SEQ751,21
SEQ752,24
SEQ753,15
SEQ754,21
SEQ755,24
SEQ756,10
SEQ757,24
SEQ758,24
SEQ759,24
SEQ760,24
SEQ761,24
SEQ762,17
SEQ763,24
SEQ764,24
SEQ765,24
SEQ766,24
SEQ767,15
SEQ768,21
SEQ769,24
SEQ770,17
SEQ771,24
SEQ772,11
SEQ773,15
SEQ774,24
SEQ775,24
SEQ776,12
SEQ777,24
SEQ778,24
SEQ779,24
SEQ780,24
SEQ781,24
SEQ782,24
SEQ783,24
SEQ784,24
SEQ785,21
SEQ786,24
SEQ787,11
SEQ788,24
SEQ789,24
SEQ790,17
SEQ791,15
SEQ792,24
SEQ793,24
SEQ794,24
SEQ795,24
SEQ796,18
SEQ797,21
SEQ798,17
SEQ799,15
SEQ800,21
SEQ801,24
SEQ802,24
SEQ803,24
SEQ804,21
SEQ805,15
SEQ806,21
SEQ807,13
SEQ808,24
SEQ809,21
SEQ810,12
SEQ811,17
SEQ812,21
SEQ813,15
SEQ814,24
SEQ815,24
SEQ816,21
SEQ817,24
SEQ818,21
SEQ819,24
SEQ820,15
SEQ821,17
SEQ822,15
SEQ823,15
SEQ824,24
SEQ825,21
SEQ826,24
SEQ827,21
SEQ828,15
SEQ829,21
SEQ830,17
SEQ831,24
SEQ832,24
SEQ833,24
SEQ834,21
SEQ835,21
SEQ836,24
SEQ837,11
SEQ838,24
SEQ839,24
SEQ840,24
SEQ841,24
SEQ842,24
SEQ843,10
SEQ844,24
SEQ845,15
SEQ846,18
SEQ847,24
SEQ848,15
SEQ849,24
SEQ850,21
SEQ851,24
SEQ852,24
SEQ853,10
SEQ854,21
SEQ855,24
SEQ856,21
SEQ857,24
SEQ858,21
SEQ859,15
SEQ860,24
SEQ861,17
SEQ862,11
SEQ863,24
SEQ864,21
SEQ865,24
SEQ866,16
SEQ867,15
SEQ868,18
SEQ869,24
SEQ870,24
SEQ871,24
SEQ872,24
SEQ873,24
SEQ874,21
SEQ875,24
SEQ876,24
SEQ877,24
SEQ878,24
SEQ879,17
SEQ880,24
SEQ881,24
SEQ882,21
SEQ883,24
SEQ884,24
SEQ885,24
SEQ886,12
SEQ887,18
SEQ888,24
SEQ889,24
SEQ890,24
SEQ891,24
SEQ892,21
SEQ893,24
SEQ894,24
SEQ895,15
SEQ896,21
SEQ897,15
SEQ898,24
SEQ899,24
SEQ900,24
SEQ901,24
SEQ902,21
SEQ903,21
SEQ904,18
SEQ905,24
SEQ906,21
SEQ907,21
SEQ908,24
SEQ909,21
SEQ910,15
SEQ911,24
SEQ912,24
SEQ913,15
SEQ914,24
SEQ915,24
SEQ916,24
SEQ917,24
SEQ918,17
SEQ919,24
SEQ920,21
SEQ921,24
SEQ922,21
SEQ923,11
SEQ924,24
SEQ925,24
SEQ926,24
SEQ927,24
SEQ928,21
SEQ929,21
SEQ930,24
SEQ931,15
SEQ932,24
SEQ933,24
SEQ934,24
SEQ935,24
SEQ936,24
SEQ937,24
SEQ938,24
SEQ939,21
SEQ940,24
SEQ941,21
SEQ942,17
SEQ943,18
SEQ944,21
SEQ945,24
SEQ946,17
SEQ947,12
SEQ948,24
SEQ949,24
SEQ950,24
SEQ951,21
SEQ952,10
SEQ953,12
SEQ954,24
SEQ955,24
SEQ956,24
SEQ957,21
SEQ958,24
SEQ959,24
SEQ960,15
SEQ961,15
SEQ962,15
SEQ963,24
SEQ964,24
SEQ965,18
SEQ966,21
SEQ967,21
SEQ968,21
SEQ969,24
SEQ970,24
SEQ971,24
SEQ972,24
SEQ973,21
SEQ974,24
SEQ975,24
SEQ976,24
SEQ977,24
SEQ978,24
SEQ979,11
SEQ980,15
SEQ981,24
SEQ982,24
SEQ983,21
SEQ984,21
SEQ985,24
SEQ986,24
SEQ987,21
SEQ988,24
SEQ989,24
SEQ990,11
SEQ991,24
SEQ992,15
SEQ993,11
SEQ994,10
SEQ995,21
SEQ996,24
SEQ997,15
SEQ998,24
SEQ999,24
SEQ1000,24
SEQ1001,24
SEQ1002,15
SEQ1003,21
SEQ1004,24
SEQ1005,24
SEQ1006,17
SEQ1007,24
SEQ1008,24
SEQ1009,24
SEQ1010,15
SEQ1011,24
SEQ1012,15
SEQ1013,13
SEQ1014,21
SEQ1015,24
SEQ1016,10
SEQ1017,24
SEQ1018,24
SEQ1019,24
SEQ1020,21
SEQ1021,24
SEQ1022,21
SEQ1023,17
SEQ1024,21
SEQ1025,10
SEQ1026,15
SEQ1027,10
SEQ1028,15
SEQ1029,21
SEQ1030,11
SEQ1031,24
SEQ1032,24
SEQ1033,15
SEQ1034,24
SEQ1035,24
SEQ1036,24
SEQ1037,21
SEQ1038,21
SEQ1039,15
SEQ1040,15
SEQ1041,24
SEQ1042,24
SEQ1043,12
SEQ1044,24
SEQ1045,15
SEQ1046,24
SEQ1047,24
SEQ1048,24
SEQ1049,15
SEQ1050,24
SEQ1051,24
SEQ1052,24
SEQ1053,15
SEQ1054,24
SEQ1055,21
SEQ1056,10
SEQ1057,21
SEQ1058,10
SEQ1059,24
SEQ1060,24
SEQ1061,24
SEQ1062,24
SEQ1063,24
SEQ1064,24
SEQ1065,10
SEQ1066,15
SEQ1067,24
SEQ1068,10
SEQ1069,21
SEQ1070,10
SEQ1071,24
SEQ1072,24
SEQ1073,24
SEQ1074,24
SEQ1075,24
SEQ1076,24
SEQ1077,24
SEQ1078,24
SEQ1079,24
SEQ1080,15
SEQ1081,24
SEQ1082,24
SEQ1083,24
SEQ1084,15
SEQ1085,15
SEQ1086,24
SEQ1087,10
SEQ1088,24
SEQ1089,11
SEQ1090,24
SEQ1091,15
SEQ1092,24
SEQ1093,24
SEQ1094,24
SEQ1095,10
SEQ1096,21
SEQ1097,10
SEQ1098,15
SEQ1099,21
SEQ1100,15
SEQ1101,24
SEQ1102,21
SEQ1103,24
SEQ1104,24
SEQ1105,21
SEQ1106,15
SEQ1107,24
SEQ1108,21
SEQ1109,24
SEQ1110,24
SEQ1111,24
SEQ1112,24
SEQ1113,24
SEQ1114,24
SEQ1115,24
SEQ1116,15
SEQ1117,15
SEQ1118,24
SEQ1119,24
SEQ1120,24
SEQ1121,24
SEQ1122,24
SEQ1123,24
SEQ1124,21
SEQ1125,21
SEQ1126,24
SEQ1127,24
SEQ1128,10
SEQ1129,24
SEQ1130,24
SEQ1131,15
SEQ1132,24
SEQ1133,15
SEQ1134,24
SEQ1135,24
SEQ1136,10
SEQ1137,15
SEQ1138,15
SEQ1139,24
SEQ1140,24
SEQ1141,24
SEQ1142,24
SEQ1143,18
SEQ1144,24
SEQ1145,21
SEQ1146,21
SEQ1147,24
SEQ1148,24
SEQ1149,17
SEQ1150,24
SEQ1151,24
SEQ1152,11
SEQ1153,13
SEQ1154,24
SEQ1155,24
SEQ1156,24
SEQ1157,24
SEQ1158,24
SEQ1159,15
SEQ1160,21
SEQ1161,10
SEQ1162,24
SEQ1163,24
SEQ1164,15
SEQ1165,24
SEQ1166,24
SEQ1167,18
SEQ1168,24
SEQ1169,11
SEQ1170,21
SEQ1171,15
SEQ1172,21
SEQ1173,24
SEQ1174,24
SEQ1175,12
SEQ1176,21
SEQ1177,24
SEQ1178,24
SEQ1179,24
SEQ1180,15
SEQ1181,24
SEQ1182,24
SEQ1183,10
SEQ1184,21
SEQ1185,24
SEQ1186,24
SEQ1187,24
SEQ1188,15
SEQ1189,24
SEQ1190,11
SEQ1191,21
SEQ1192,15
SEQ1193,24
SEQ1194,21
SEQ1195,24
SEQ1196,21
SEQ1197,17
SEQ1198,21
SEQ1199,24
SEQ1200,16
SEQ1201,24
SEQ1202,24
SEQ1203,24
SEQ1204,18
SEQ1205,24
SEQ1206,24
SEQ1207,24
SEQ1208,24
SEQ1209,24
SEQ1210,15
SEQ1211,24
SEQ1212,15
SEQ1213,24
SEQ1214,24
SEQ1215,24
SEQ1216,21
SEQ1217,24
SEQ1218,24
SEQ1219,21
SEQ1220,17
SEQ1221,10
SEQ1222,21
SEQ1223,24
SEQ1224,15
SEQ1225,24
SEQ1226,15
SEQ1227,24
SEQ1228,21
SEQ1229,21
SEQ1230,17
SEQ1231,24
SEQ1232,15
SEQ1233,24
SEQ1234,17
SEQ1235,17
SEQ1236,24
SEQ1237,24
SEQ1238,24
SEQ1239,24
SEQ1240,24
SEQ1241,21
SEQ1242,21
SEQ1243,21
SEQ1244,24
SEQ1245,17
SEQ1246,24
SEQ1247,15
SEQ1248,24
SEQ1249,17
SEQ1250,11
SEQ1251,24
SEQ1252,21
SEQ1253,24
SEQ1254,21
SEQ1255,21
SEQ1256,21
SEQ1257,24
SEQ1258,24
SEQ1259,24
SEQ1260,24
SEQ1261,17
SEQ1262,17
SEQ1263,24
SEQ1264,21
SEQ1265,24
SEQ1266,24
SEQ1267,24
SEQ1268,10
SEQ1269,24
SEQ1270,21
SEQ1271,24
SEQ1272,21
SEQ1273,10
SEQ1274,24
SEQ1275,24
SEQ1276,24
SEQ1277,24
SEQ1278,24
SEQ1279,12
SEQ1280,18
SEQ1281,13
SEQ1282,15
SEQ1283,17
SEQ1284,24
SEQ1285,13
SEQ1286,24
SEQ1287,24
SEQ1288,21
SEQ1289,24
SEQ1290,24
SEQ1291,21
SEQ1292,24
SEQ1293,21
SEQ1294,21
SEQ1295,21
SEQ1296,10
SEQ1297,21
SEQ1298,24
SEQ1299,15
SEQ1300,21
SEQ1301,21
SEQ1302,10
SEQ1303,21
SEQ1304,24
SEQ1305,21
SEQ1306,21
SEQ1307,24
SEQ1308,17
SEQ1309,24
SEQ1310,15
SEQ1311,21
SEQ1312,17
SEQ1313,15
SEQ1314,24
SEQ1315,24
SEQ1316,24
SEQ1317,24
SEQ1318,21
SEQ1319,17
SEQ1320,24
SEQ1321,24
SEQ1322,15
SEQ1323,24
SEQ1324,24
SEQ1325,21
SEQ1326,21
SEQ1327,21
SEQ1328,24
SEQ1329,18
SEQ1330,21
SEQ1331,24
SEQ1332,24
SEQ1333,21
SEQ1334,12
SEQ1335,24
SEQ1336,15
SEQ1337,24
SEQ1338,21
SEQ1339,24
SEQ1340,21
SEQ1341,15
SEQ1342,21
SEQ1343,13
SEQ1344,24
SEQ1345,24
SEQ1346,24
SEQ1347,21
SEQ1348,21
SEQ1349,24
SEQ1350,24
SEQ1351,21
SEQ1352,24
SEQ1353,24
SEQ1354,24
SEQ1355,24
SEQ1356,24
SEQ1357,10
SEQ1358,24
SEQ1359,13
SEQ1360,24
SEQ1361,24
SEQ1362,24
SEQ1363,24
SEQ1364,21
SEQ1365,12
SEQ1366,11
SEQ1367,11
SEQ1368,21
SEQ1369,10
SEQ1370,15
SEQ1371,15
SEQ1372,24
SEQ1373,24
SEQ1374,24
SEQ1375,24
SEQ1376,17
SEQ1377,24
SEQ1378,24
SEQ1379,24
SEQ1380,24
SEQ1381,11
SEQ1382,24
SEQ1383,24
SEQ1384,10
SEQ1385,24
SEQ1386,24
SEQ1387,17
SEQ1388,24
SEQ1389,24
SEQ1390,24
SEQ1391,21
SEQ1392,10
SEQ1393,24
SEQ1394,11
SEQ1395,15
SEQ1396,11
SEQ1397,21
SEQ1398,24
SEQ1399,24
SEQ1400,24
SEQ1401,21
SEQ1402,24
SEQ1403,24
SEQ1404,21
SEQ1405,11
SEQ1406,17
SEQ1407,24
SEQ1408,17
SEQ1409,24
SEQ1410,24
SEQ1411,24
SEQ1412,21
SEQ1413,24
SEQ1414,16
SEQ1415,24
SEQ1416,24
SEQ1417,24
SEQ1418,24
SEQ1419,15
SEQ1420,24
SEQ1421,17
SEQ1422,17
SEQ1423,24
SEQ1424,12
SEQ1425,15
SEQ1426,24
SEQ1427,24
SEQ1428,11
SEQ1429,24
SEQ1430,15
SEQ1431,12
SEQ1432,23
SEQ1433,24
SEQ1434,15
SEQ1435,21
SEQ1436,15
SEQ1437,24
SEQ1438,24
SEQ1439,21
SEQ1440,24
SEQ1441,24
SEQ1442,24
SEQ1443,21
SEQ1444,24
SEQ1445,18
SEQ1446,24
SEQ1447,24
SEQ1448,24
SEQ1449,24
SEQ1450,24
SEQ1451,24
SEQ1452,21
SEQ1453,21
SEQ1454,24
SEQ1455,24
SEQ1456,21
SEQ1457,24
SEQ1458,24
SEQ1459,24
SEQ1460,24
SEQ1461,24
SEQ1462,21
SEQ1463,13
SEQ1464,24
SEQ1465,24
SEQ1466,15
SEQ1467,17
SEQ1468,24
SEQ1469,24
SEQ1470,24
SEQ1471,24
SEQ1472,21
SEQ1473,24
SEQ1474,21
SEQ1475,15
SEQ1476,24
SEQ1477,24
SEQ1478,24
SEQ1479,24
SEQ1480,15
SEQ1481,11
SEQ1482,10
SEQ1483,24
SEQ1484,21
SEQ1485,21
SEQ1486,24
SEQ1487,24
SEQ1488,17
SEQ1489,11
SEQ1490,17
SEQ1491,24
SEQ1492,24
SEQ1493,21
SEQ1494,17
SEQ1495,21
SEQ1496,24
SEQ1497,24
SEQ1498,24
SEQ1499,24
SEQ1500,21
SEQ1501,24
SEQ1502,24
SEQ1503,24
SEQ1504,24
SEQ1505,21
SEQ1506,24
SEQ1507,24
SEQ1508,24
SEQ1509,24
SEQ1510,12
SEQ1511,24
SEQ1512,15
SEQ1513,10
SEQ1514,24
SEQ1515,15
SEQ1516,17
SEQ1517,24
SEQ1518,10
SEQ1519,12
SEQ1520,24
SEQ1521,12
SEQ1522,21
SEQ1523,17
SEQ1524,24
SEQ1525,24
SEQ1526,24
SEQ1527,21
SEQ1528,11
SEQ1529,24
SEQ1530,24
SEQ1531,24
SEQ1532,24
SEQ1533,12
SEQ1534,24
SEQ1535,15
SEQ1536,15
SEQ1537,15
SEQ1538,24
SEQ1539,11
SEQ1540,24
SEQ1541,15
SEQ1542,24
SEQ1543,21
SEQ1544,24
SEQ1545,24
SEQ1546,24
SEQ1547,21
SEQ1548,24
SEQ1549,21
SEQ1550,24
SEQ1551,24
SEQ1552,15
SEQ1553,24
SEQ1554,24
SEQ1555,24
SEQ1556,21
SEQ1557,15
SEQ1558,24
SEQ1559,24
SEQ1560,12
SEQ1561,21
SEQ1562,21
SEQ1563,24
SEQ1564,24
SEQ1565,24
SEQ1566,24
SEQ1567,17
SEQ1568,24
SEQ1569,24
SEQ1570,24
SEQ1571,24
SEQ1572,23
SEQ1573,21
SEQ1574,17
SEQ1575,21
SEQ1576,21
SEQ1577,24
SEQ1578,24
SEQ1579,24
SEQ1580,24
SEQ1581,15
SEQ1582,11
SEQ1583,24
SEQ1584,24
SEQ1585,24
SEQ1586,21
SEQ1587,18
SEQ1588,24
SEQ1589,24
SEQ1590,15
SEQ1591,17
SEQ1592,21
SEQ1593,24
SEQ1594,24
SEQ1595,21
SEQ1596,24
SEQ1597,13
SEQ1598,24
SEQ1599,24
SEQ1600,24
SEQ1601,24
SEQ1602,21
SEQ1603,24
SEQ1604,24
SEQ1605,24
SEQ1606,24
SEQ1607,24
SEQ1608,24
SEQ1609,21
SEQ1610,24
SEQ1611,21
SEQ1612,24
SEQ1613,24
SEQ1614,15
SEQ1615,21
SEQ1616,24
SEQ1617,24
SEQ1618,24
SEQ1619,17
SEQ1620,24
SEQ1621,24
SEQ1622,15
SEQ1623,24
SEQ1624,24
SEQ1625,24
SEQ1626,11
SEQ1627,21
SEQ1628,15
SEQ1629,24
SEQ1630,24
SEQ1631,21
SEQ1632,24
SEQ1633,15
SEQ1634,24
SEQ1635,24
SEQ1636,24
SEQ1637,21
SEQ1638,15
SEQ1639,15
SEQ1640,21
SEQ1641,15
SEQ1642,15
SEQ1643,24
SEQ1644,24
SEQ1645,24
SEQ1646,15
SEQ1647,24
SEQ1648,24
SEQ1649,24
SEQ1650,24
SEQ1651,21
SEQ1652,10
SEQ1653,24
SEQ1654,21
SEQ1655,12
SEQ1656,11
SEQ1657,17
SEQ1658,24
SEQ1659,24
SEQ1660,21
SEQ1661,24
SEQ1662,24
SEQ1663,24
SEQ1664,13
SEQ1665,24
SEQ1666,24
SEQ1667,21
SEQ1668,24
SEQ1669,21
SEQ1670,24
SEQ1671,24
SEQ1672,12
SEQ1673,21
SEQ1674,15
SEQ1675,21
SEQ1676,15
SEQ1677,21
SEQ1678,17
SEQ1679,24
SEQ1680,21
SEQ1681,24
SEQ1682,12
SEQ1683,24
SEQ1684,13
SEQ1685,15
SEQ1686,21
SEQ1687,24
SEQ1688,24
SEQ1689,10
SEQ1690,18
SEQ1691,24
SEQ1692,17
SEQ1693,24
SEQ1694,24
SEQ1695,24
SEQ1696,15
SEQ1697,10
SEQ1698,24
SEQ1699,24
SEQ1700,13
SEQ1701,24
SEQ1702,21
SEQ1703,24
SEQ1704,24
SEQ1705,24
SEQ1706,24
SEQ1707,24
SEQ1708,24
SEQ1709,21
SEQ1710,10
SEQ1711,24
SEQ1712,15
SEQ1713,24
SEQ1714,21
SEQ1715,21
SEQ1716,21
SEQ1717,17
SEQ1718,17
SEQ1719,21
SEQ1720,24
SEQ1721,21
SEQ1722,24
SEQ1723,24
SEQ1724,10
SEQ1725,24
SEQ1726,24
SEQ1727,19
SEQ1728,24
SEQ1729,15
SEQ1730,24
SEQ1731,21
SEQ1732,24
SEQ1733,24
SEQ1734,24
SEQ1735,24
SEQ1736,21
SEQ1737,24
SEQ1738,15
SEQ1739,24
SEQ1740,24
SEQ1741,24
SEQ1742,17
SEQ1743,21
SEQ1744,24
SEQ1745,24
SEQ1746,21
SEQ1747,24
SEQ1748,24
SEQ1749,12
SEQ1750,24
SEQ1751,24
SEQ1752,10
SEQ1753,17
SEQ1754,24
SEQ1755,24
SEQ1756,24
SEQ1757,24
SEQ1758,12
SEQ1759,21
SEQ1760,21
SEQ1761,24
SEQ1762,24
SEQ1763,24
SEQ1764,17
SEQ1765,17
SEQ1766,24
SEQ1767,24
SEQ1768,24
SEQ1769,21
SEQ1770,21
SEQ1771,16
SEQ1772,24
SEQ1773,24
SEQ1774,15
SEQ1775,24
SEQ1776,24
SEQ1777,24
SEQ1778,24
SEQ1779,15
SEQ1780,24
SEQ1781,15
SEQ1782,10
SEQ1783,24
SEQ1784,24
SEQ1785,21
SEQ1786,17
SEQ1787,24
SEQ1788,17
SEQ1789,21
SEQ1790,24
SEQ1791,24
SEQ1792,24
SEQ1793,24
SEQ1794,24
SEQ1795,24
SEQ1796,15
SEQ1797,24
SEQ1798,24
SEQ1799,24
SEQ1800,24
SEQ1801,24
SEQ1802,24
SEQ1803,10
SEQ1804,24
SEQ1805,24
SEQ1806,24
SEQ1807,11
SEQ1808,24
SEQ1809,24
SEQ1810,24
SEQ1811,15
SEQ1812,24
SEQ1813,15
SEQ1814,24
SEQ1815,21
SEQ1816,24
SEQ1817,24
SEQ1818,15
SEQ1819,24
SEQ1820,24
SEQ1821,21
SEQ1822,24
SEQ1823,11
SEQ1824,21
SEQ1825,24
SEQ1826,24
SEQ1827,24
SEQ1828,15
SEQ1829,24
SEQ1830,24
SEQ1831,24
SEQ1832,15
SEQ1833,24
SEQ1834,24
SEQ1835,21
SEQ1836,24
SEQ1837,24
SEQ1838,15
SEQ1839,24
SEQ1840,24
SEQ1841,21
SEQ1842,24
SEQ1843,21
SEQ1844,24
SEQ1845,24
SEQ1846,24
SEQ1847,24
SEQ1848,17
SEQ1849,24
SEQ1850,24
SEQ1851,24
SEQ1852,21
SEQ1853,24
SEQ1854,17
SEQ1855,24
SEQ1856,21
SEQ1857,24
SEQ1858,24
SEQ1859,24
SEQ1860,21
SEQ1861,11
SEQ1862,24
SEQ1863,15
SEQ1864,15
SEQ1865,24
SEQ1866,24
SEQ1867,15
SEQ1868,24
SEQ1869,24
SEQ1870,12
SEQ1871,11
SEQ1872,24
SEQ1873,15
SEQ1874,24
SEQ1875,24
SEQ1876,24
SEQ1877,24
SEQ1878,21
SEQ1879,21
SEQ1880,24
SEQ1881,24
SEQ1882,15
SEQ1883,15
SEQ1884,24
SEQ1885,24
SEQ1886,24
SEQ1887,24
SEQ1888,24
SEQ1889,21
SEQ1890,24
SEQ1891,21
SEQ1892,24
SEQ1893,24
SEQ1894,24
SEQ1895,10
SEQ1896,24
SEQ1897,24
SEQ1898,12
SEQ1899,24
SEQ1900,24
SEQ1901,24
SEQ1902,17
SEQ1903,24
SEQ1904,24
SEQ1905,24
SEQ1906,24
SEQ1907,24
SEQ1908,24
SEQ1909,21
SEQ1910,24
SEQ1911,24
SEQ1912,21
SEQ1913,21
SEQ1914,21
SEQ1915,24
SEQ1916,21
SEQ1917,11
SEQ1918,24
SEQ1919,24
SEQ1920,24
SEQ1921,24
SEQ1922,24
SEQ1923,21
SEQ1924,24
SEQ1925,21
SEQ1926,24
SEQ1927,24
SEQ1928,15
SEQ1929,21
SEQ1930,24
SEQ1931,10
SEQ1932,17
SEQ1933,24
SEQ1934,24
SEQ1935,10
SEQ1936,21
SEQ1937,24
SEQ1938,24
SEQ1939,24
SEQ1940,21
SEQ1941,24
SEQ1942,24
SEQ1943,21
SEQ1944,24
SEQ1945,24
SEQ1946,24
SEQ1947,24
SEQ1948,24
SEQ1949,24
SEQ1950,16
SEQ1951,12
SEQ1952,15
SEQ1953,24
SEQ1954,24
SEQ1955,24
SEQ1956,15
SEQ1957,15
SEQ1958,21
SEQ1959,24
SEQ1960,24
SEQ1961,24
SEQ1962,24
SEQ1963,15
SEQ1964,24
SEQ1965,24
SEQ1966,24
SEQ1967,11
SEQ1968,15
SEQ1969,24
SEQ1970,21
SEQ1971,21
SEQ1972,24
SEQ1973,16
SEQ1974,24
SEQ1975,15
SEQ1976,24
SEQ1977,24
SEQ1978,21
SEQ1979,24
SEQ1980,24
SEQ1981,21
SEQ1982,18
SEQ1983,24
SEQ1984,17
SEQ1985,24
SEQ1986,21
SEQ1987,24
SEQ1988,24
SEQ1989,15
SEQ1990,11
SEQ1991,17
SEQ1992,24
SEQ1993,24
SEQ1994,17
SEQ1995,21
SEQ1996,17
SEQ1997,21
SEQ1998,24
SEQ1999,24
SEQ2000,24
SEQ2001,24
SEQ2002,24
SEQ2003,24
SEQ2004,24
SEQ2005,21
SEQ2006,24
SEQ2007,24
SEQ2008,24
SEQ2009,24
SEQ2010,18
SEQ2011,10
SEQ2012,15
SEQ2013,15
SEQ2014,24
SEQ2015,21
SEQ2016,10
SEQ2017,10
SEQ2018,21
SEQ2019,21
SEQ2020,24
SEQ2021,21
SEQ2022,15
SEQ2023,24
SEQ2024,21
SEQ2025,24
SEQ2026,15
SEQ2027,21
SEQ2028,24
SEQ2029,24
SEQ2030,21
SEQ2031,24
SEQ2032,24
SEQ2033,24
SEQ2034,17
SEQ2035,24
SEQ2036,24
SEQ2037,15
SEQ2038,24
SEQ2039,24
SEQ2040,24
SEQ2041,21
SEQ2042,11
SEQ2043,24
SEQ2044,17
SEQ2045,24
SEQ2046,21
SEQ2047,24
SEQ2048,11
SEQ2049,24
SEQ2050,15
SEQ2051,15
SEQ2052,24
SEQ2053,21
SEQ2054,24
SEQ2055,24
SEQ2056,24
SEQ2057,24
SEQ2058,15
SEQ2059,24
SEQ2060,15
SEQ2061,24
SEQ2062,21
SEQ2063,24
SEQ2064,21
SEQ2065,24
SEQ2066,24
SEQ2067,24
SEQ2068,24
SEQ2069,10
SEQ2070,24
SEQ2071,24
SEQ2072,24
SEQ2073,24
SEQ2074,24
SEQ2075,24
SEQ2076,17
SEQ2077,24
SEQ2078,24
SEQ2079,24
SEQ2080,24
SEQ2081,21
SEQ2082,17
SEQ2083,21
SEQ2084,24
SEQ2085,24
SEQ2086,15
SEQ2087,21
SEQ2088,24
SEQ2089,24
SEQ2090,15
SEQ2091,24
SEQ2092,13
SEQ2093,21
SEQ2094,24
SEQ2095,24
SEQ2096,15
SEQ2097,18
SEQ2098,24
SEQ2099,24
SEQ2100,21
SEQ2101,10
SEQ2102,21
SEQ2103,12
SEQ2104,24
SEQ2105,24
SEQ2106,12
SEQ2107,24
SEQ2108,15
SEQ2109,10
SEQ2110,21
SEQ2111,24
SEQ2112,24
SEQ2113,10
SEQ2114,24
SEQ2115,24
SEQ2116,24
SEQ2117,24
SEQ2118,15
SEQ2119,10
SEQ2120,24
SEQ2121,24
SEQ2122,24
SEQ2123,15
SEQ2124,24
SEQ2125,10
SEQ2126,24
SEQ2127,24
SEQ2128,24
SEQ2129,24
SEQ2130,24
SEQ2131,19
SEQ2132,24
SEQ2133,16
SEQ2134,24
SEQ2135,21
SEQ2136,15
SEQ2137,24
SEQ2138,24
SEQ2139,24
SEQ2140,15
SEQ2141,24
SEQ2142,24
SEQ2143,21
SEQ2144,24
SEQ2145,24
SEQ2146,24
SEQ2147,24
SEQ2148,24
SEQ2149,10
SEQ2150,12
SEQ2151,21
SEQ2152,24
SEQ2153,24
SEQ2154,24
SEQ2155,24
SEQ2156,24
SEQ2157,15
SEQ2158,15
SEQ2159,21
SEQ2160,10
SEQ2161,24
SEQ2162,24
SEQ2163,24
SEQ2164,24
SEQ2165,24
SEQ2166,21
SEQ2167,10
SEQ2168,24
SEQ2169,24
SEQ2170,24
SEQ2171,15
SEQ2172,24
SEQ2173,17
SEQ2174,10
SEQ2175,24
SEQ2176,21
SEQ2177,21
SEQ2178,10
SEQ2179,24
SEQ2180,24
SEQ2181,24
SEQ2182,15
SEQ2183,15
SEQ2184,24
SEQ2185,24
SEQ2186,24
SEQ2187,12
SEQ2188,21
SEQ2189,24
SEQ2190,15
SEQ2191,24
SEQ2192,24
SEQ2193,15
SEQ2194,15
SEQ2195,24
SEQ2196,24
SEQ2197,24
SEQ2198,24
SEQ2199,10
SEQ2200,17
SEQ2201,18
SEQ2202,24
SEQ2203,21
SEQ2204,15
SEQ2205,24
SEQ2206,21
SEQ2207,24
SEQ2208,15
SEQ2209,24
SEQ2210,24
SEQ2211,12
SEQ2212,15
SEQ2213,24
SEQ2214,12
SEQ2215,24
SEQ2216,24
SEQ2217,21
SEQ2218,24
SEQ2219,24
SEQ2220,24
SEQ2221,24
SEQ2222,24
SEQ2223,15
SEQ2224,21
SEQ2225,11
SEQ2226,24
SEQ2227,13
SEQ2228,24
SEQ2229,24
SEQ2230,21
SEQ2231,17
SEQ2232,24
SEQ2233,15
SEQ2234,24
SEQ2235,10
SEQ2236,15
SEQ2237,12
SEQ2238,24
SEQ2239,10
SEQ2240,24
SEQ2241,21
SEQ2242,24
SEQ2243,24
SEQ2244,10
SEQ2245,24
SEQ2246,24
SEQ2247,15
SEQ2248,24
SEQ2249,24
SEQ2250,21
SEQ2251,24
SEQ2252,24
SEQ2253,24
SEQ2254,24
SEQ2255,21
SEQ2256,24
SEQ2257,12
SEQ2258,15
SEQ2259,21
SEQ2260,11
SEQ2261,13
SEQ2262,21
SEQ2263,24
SEQ2264,24
SEQ2265,24
SEQ2266,17
SEQ2267,24
SEQ2268,15
SEQ2269,21
SEQ2270,17
SEQ2271,21
SEQ2272,12
SEQ2273,24
SEQ2274,24
SEQ2275,12
SEQ2276,24
SEQ2277,15
SEQ2278,21
SEQ2279,24
SEQ2280,12
SEQ2281,24
SEQ2282,24
SEQ2283,24
SEQ2284,15
SEQ2285,11
SEQ2286,24
SEQ2287,24
SEQ2288,24
SEQ2289,21
SEQ2290,21
SEQ2291,24
SEQ2292,24
SEQ2293,10
SEQ2294,17
SEQ2295,15
SEQ2296,11
SEQ2297,24
SEQ2298,21
SEQ2299,24
SEQ2300,15
SEQ2301,21
SEQ2302,24
SEQ2303,24
SEQ2304,24
SEQ2305,21
SEQ2306,24
SEQ2307,24
SEQ2308,17
SEQ2309,24
SEQ2310,24
SEQ2311,24
SEQ2312,24
SEQ2313,24
SEQ2314,24
SEQ2315,15
SEQ2316,24
SEQ2317,24
SEQ2318,24
SEQ2319,21
SEQ2320,21
SEQ2321,24
SEQ2322,10
SEQ2323,24
SEQ2324,12
SEQ2325,18
SEQ2326,24
SEQ2327,24
SEQ2328,17
SEQ2329,24
SEQ2330,21
SEQ2331,15
SEQ2332,24
SEQ2333,24
SEQ2334,24
SEQ2335,15
SEQ2336,24
SEQ2337,24
SEQ2338,10
SEQ2339,24
SEQ2340,24
SEQ2341,24
SEQ2342,24
SEQ2343,24
SEQ2344,21
SEQ2345,10
SEQ2346,24
SEQ2347,21
SEQ2348,11
SEQ2349,15
SEQ2350,21
SEQ2351,24
SEQ2352,15
SEQ2353,24
SEQ2354,24
SEQ2355,17
SEQ2356,21
SEQ2357,15
SEQ2358,24
SEQ2359,24
SEQ2360,24
SEQ2361,24
SEQ2362,24
SEQ2363,24
SEQ2364,21
SEQ2365,24
SEQ2366,15
SEQ2367,24
SEQ2368,24
SEQ2369,24
SEQ2370,24
SEQ2371,15
SEQ2372,15
SEQ2373,12
SEQ2374,24
SEQ2375,17
SEQ2376,24
SEQ2377,24
SEQ2378,24
SEQ2379,24
SEQ2380,10
SEQ2381,10
SEQ2382,24
SEQ2383,10
SEQ2384,24
SEQ2385,15
SEQ2386,24
SEQ2387,15
SEQ2388,11
SEQ2389,24
SEQ2390,24
SEQ2391,24
SEQ2392,21
SEQ2393,24
SEQ2394,17
SEQ2395,24
SEQ2396,18
SEQ2397,24
SEQ2398,24
SEQ2399,24
SEQ2400,15
SEQ2401,24
SEQ2402,24
SEQ2403,15
SEQ2404,24
SEQ2405,15
SEQ2406,24
SEQ2407,24
SEQ2408,21
SEQ2409,21
SEQ2410,15
SEQ2411,11
SEQ2412,24
SEQ2413,24
SEQ2414,24
SEQ2415,15
SEQ2416,18
SEQ2417,24
SEQ2418,24
SEQ2419,11
SEQ2420,24
SEQ2421,24
SEQ2422,21
SEQ2423,24
SEQ2424,21
SEQ2425,24
SEQ2426,13
SEQ2427,24
SEQ2428,21
SEQ2429,24
SEQ2430,21
SEQ2431,21
SEQ2432,18
SEQ2433,24
SEQ2434,24
SEQ2435,24
SEQ2436,24
SEQ2437,24
SEQ2438,24
SEQ2439,15
SEQ2440,17
SEQ2441,24
SEQ2442,13
SEQ2443,24
SEQ2444,11
SEQ2445,24
SEQ2446,24
SEQ2447,24
SEQ2448,24
SEQ2449,24
SEQ2450,24
SEQ2451,21
SEQ2452,11
SEQ2453,21
SEQ2454,24
SEQ2455,21
SEQ2456,10
SEQ2457,10
SEQ2458,21
SEQ2459,24
SEQ2460,15
SEQ2461,24
SEQ2462,15
SEQ2463,10
SEQ2464,15
SEQ2465,15
SEQ2466,24
SEQ2467,18
SEQ2468,17
SEQ2469,21
SEQ2470,24
SEQ2471,21
SEQ2472,24
SEQ2473,24
SEQ2474,24
SEQ2475,24
SEQ2476,24
SEQ2477,11
SEQ2478,24
SEQ2479,10
SEQ2480,24
SEQ2481,24
SEQ2482,24
SEQ2483,24
SEQ2484,24
SEQ2485,12
SEQ2486,21
SEQ2487,21
SEQ2488,24
SEQ2489,24
SEQ2490,12
SEQ2491,21
SEQ2492,21
SEQ2493,21
SEQ2494,24
SEQ2495,10
SEQ2496,24
SEQ2497,24
SEQ2498,21
SEQ2499,21
SEQ2500,24
SEQ2501,15
SEQ2502,24
SEQ2503,21
SEQ2504,15
SEQ2505,18
SEQ2506,13
SEQ2507,24
SEQ2508,24
SEQ2509,24
SEQ2510,13
SEQ2511,23
SEQ2512,24
SEQ2513,24
SEQ2514,24
SEQ2515,24
SEQ2516,15
SEQ2517,24
SEQ2518,24
SEQ2519,24
SEQ2520,15
SEQ2521,24
SEQ2522,11
SEQ2523,24
SEQ2524,24
SEQ2525,24
SEQ2526,24
SEQ2527,24
SEQ2528,24
SEQ2529,15
SEQ2530,15
SEQ2531,24
SEQ2532,24
SEQ2533,24
SEQ2534,24
SEQ2535,17
SEQ2536,24
SEQ2537,15
SEQ2538,24
SEQ2539,24
SEQ2540,21
SEQ2541,24
SEQ2542,24
SEQ2543,24
SEQ2544,24
SEQ2545,24
SEQ2546,15
SEQ2547,24
SEQ2548,24
SEQ2549,24
SEQ2550,11
SEQ2551,21
SEQ2552,24
SEQ2553,24
SEQ2554,21
SEQ2555,24
SEQ2556,16
SEQ2557,24
SEQ2558,24
SEQ2559,21
SEQ2560,24
SEQ2561,21
SEQ2562,24
SEQ2563,24
SEQ2564,24
SEQ2565,24
SEQ2566,24
SEQ2567,15
SEQ2568,15
SEQ2569,24
SEQ2570,18
SEQ2571,15
SEQ2572,24
SEQ2573,24
SEQ2574,24
SEQ2575,24
SEQ2576,24
SEQ2577,24
SEQ2578,15
SEQ2579,24
SEQ2580,21
SEQ2581,15
SEQ2582,24
SEQ2583,24
SEQ2584,24
SEQ2585,24
SEQ2586,24
SEQ2587,24
SEQ2588,21
SEQ2589,24
SEQ2590,24
SEQ2591,24
SEQ2592,24
SEQ2593,24
SEQ2594,21
SEQ2595,24
SEQ2596,24
SEQ2597,15
SEQ2598,24
SEQ2599,24
SEQ2600,24
SEQ2601,15
SEQ2602,24
SEQ2603,24
SEQ2604,12
SEQ2605,24
SEQ2606,24
SEQ2607,24
SEQ2608,21
SEQ2609,21
SEQ2610,24
SEQ2611,24
SEQ2612,16
SEQ2613,21
SEQ2614,21
SEQ2615,10
SEQ2616,24
SEQ2617,24
SEQ2618,24
SEQ2619,24
SEQ2620,24
SEQ2621,24
SEQ2622,24
SEQ2623,10
SEQ2624,15
SEQ2625,24
SEQ2626,24
SEQ2627,21
SEQ2628,24
SEQ2629,24
SEQ2630,15
SEQ2631,24
SEQ2632,24
SEQ2633,10
SEQ2634,21
SEQ2635,15
SEQ2636,24
SEQ2637,24
SEQ2638,24
SEQ2639,24
SEQ2640,24
SEQ2641,24
SEQ2642,24
SEQ2643,24
SEQ2644,24
SEQ2645,11
SEQ2646,24
SEQ2647,11
SEQ2648,24
SEQ2649,24
SEQ2650,11
SEQ2651,24
SEQ2652,17
SEQ2653,21
SEQ2654,10
SEQ2655,24
SEQ2656,24
SEQ2657,15
SEQ2658,24
SEQ2659,15
SEQ2660,11
SEQ2661,24
SEQ2662,17
SEQ2663,15
SEQ2664,21
SEQ2665,24
SEQ2666,24
SEQ2667,24
SEQ2668,24
SEQ2669,24
SEQ2670,24
SEQ2671,24
SEQ2672,17
SEQ2673,24
SEQ2674,21
SEQ2675,15
SEQ2676,10
SEQ2677,24
SEQ2678,15
SEQ2679,24
SEQ2680,21
SEQ2681,21
SEQ2682,15
SEQ2683,24
SEQ2684,10
SEQ2685,24
SEQ2686,21
SEQ2687,13
SEQ2688,15
SEQ2689,17
SEQ2690,17
SEQ2691,24
SEQ2692,21
SEQ2693,24
SEQ2694,24
SEQ2695,24
SEQ2696,24
SEQ2697,12
SEQ2698,24
SEQ2699,21
SEQ2700,24
SEQ2701,15
SEQ2702,24
SEQ2703,24
SEQ2704,11
SEQ2705,24
SEQ2706,15
SEQ2707,24
SEQ2708,11
SEQ2709,21
SEQ2710,10
SEQ2711,24
SEQ2712,24
SEQ2713,24
SEQ2714,24
SEQ2715,11
SEQ2716,24
SEQ2717,11
SEQ2718,24
SEQ2719,21
SEQ2720,17
SEQ2721,24
SEQ2722,24
SEQ2723,15
SEQ2724,24
SEQ2725,24
SEQ2726,12
SEQ2727,10
SEQ2728,24
SEQ2729,15
SEQ2730,24
SEQ2731,11
SEQ2732,24
SEQ2733,24
SEQ2734,24
SEQ2735,24
SEQ2736,17
SEQ2737,15
SEQ2738,24
SEQ2739,10
SEQ2740,24
SEQ2741,24
SEQ2742,21
SEQ2743,24
SEQ2744,15
SEQ2745,21
SEQ2746,24
SEQ2747,24
SEQ2748,24
SEQ2749,24
SEQ2750,24
SEQ2751,24
SEQ2752,24
SEQ2753,21
SEQ2754,24
SEQ2755,15
SEQ2756,24
SEQ2757,13
SEQ2758,24
SEQ2759,24
SEQ2760,24
SEQ2761,24
SEQ2762,15
SEQ2763,21
SEQ2764,24
SEQ2765,24
SEQ2766,24
SEQ2767,24
SEQ2768,21
SEQ2769,24
SEQ2770,21
SEQ2771,24
SEQ2772,24
SEQ2773,24
SEQ2774,24
SEQ2775,17
SEQ2776,24
SEQ2777,24
SEQ2778,21
SEQ2779,11
SEQ2780,13
SEQ2781,24
SEQ2782,24
SEQ2783,21
SEQ2784,24
SEQ2785,15
SEQ2786,24
SEQ2787,24
SEQ2788,21
SEQ2789,15
SEQ2790,24
SEQ2791,10
SEQ2792,21
SEQ2793,24
SEQ2794,24
SEQ2795,24
SEQ2796,24
SEQ2797,15
SEQ2798,24
SEQ2799,24
SEQ2800,21
SEQ2801,24
SEQ2802,21
SEQ2803,24
SEQ2804,24
SEQ2805,24
SEQ2806,15
SEQ2807,21
SEQ2808,18
SEQ2809,21
SEQ2810,24
SEQ2811,16
SEQ2812,24
SEQ2813,24
SEQ2814,15
SEQ2815,24
SEQ2816,24
SEQ2817,10
SEQ2818,15
SEQ2819,24
SEQ2820,24
SEQ2821,15
SEQ2822,24
SEQ2823,21
SEQ2824,24
SEQ2825,11
SEQ2826,24
SEQ2827,24
SEQ2828,15
SEQ2829,24
SEQ2830,10
SEQ2831,24
SEQ2832,17
SEQ2833,24
SEQ2834,24
SEQ2835,15
SEQ2836,24
SEQ2837,17
SEQ2838,24
SEQ2839,15
SEQ2840,24
SEQ2841,24
SEQ2842,17
SEQ2843,17
SEQ2844,12
SEQ2845,24
SEQ2846,17
SEQ2847,12
SEQ2848,21
SEQ2849,11
SEQ2850,24
SEQ2851,21
SEQ2852,24
SEQ2853,24
SEQ2854,24
SEQ2855,24
SEQ2856,24
SEQ2857,12
SEQ2858,24
SEQ2859,24
SEQ2860,21
SEQ2861,24
SEQ2862,21
SEQ2863,24
SEQ2864,24
SEQ2865,24
SEQ2866,17
SEQ2867,21
SEQ2868,24
SEQ2869,21
SEQ2870,12
SEQ2871,24
SEQ2872,24
SEQ2873,21
SEQ2874,24
SEQ2875,24
SEQ2876,24
SEQ2877,21
SEQ2878,24
SEQ2879,21
SEQ2880,24
SEQ2881,24
SEQ2882,15
SEQ2883,24
SEQ2884,15
SEQ2885,24
SEQ2886,21
SEQ2887,18
SEQ2888,24
SEQ2889,24
SEQ2890,17
SEQ2891,21
SEQ2892,24
SEQ2893,24
SEQ2894,10
SEQ2895,15
SEQ2896,24
SEQ2897,21
SEQ2898,21
SEQ2899,24
SEQ2900,24
SEQ2901,24
SEQ2902,24
SEQ2903,24
SEQ2904,24
SEQ2905,24
SEQ2906,21
SEQ2907,24
SEQ2908,24
SEQ2909,15
SEQ2910,24
SEQ2911,24
SEQ2912,11
SEQ2913,10
SEQ2914,24
SEQ2915,24
SEQ2916,24
SEQ2917,17
SEQ2918,24
SEQ2919,24
SEQ2920,24
SEQ2921,24
SEQ2922,24
SEQ2923,24
SEQ2924,24
SEQ2925,24
SEQ2926,11
SEQ2927,10
SEQ2928,24
SEQ2929,24
SEQ2930,24
SEQ2931,24
SEQ2932,21
SEQ2933,24
SEQ2934,17
SEQ2935,15
SEQ2936,24
SEQ2937,17
SEQ2938,15
SEQ2939,24
SEQ2940,15
SEQ2941,21
SEQ2942,15
SEQ2943,18
SEQ2944,21
SEQ2945,24
SEQ2946,24
SEQ2947,21
SEQ2948,12
SEQ2949,24
SEQ2950,24
SEQ2951,24
SEQ2952,24
SEQ2953,24
SEQ2954,21
SEQ2955,10
SEQ2956,24
SEQ2957,24
SEQ2958,24
SEQ2959,24
SEQ2960,17
SEQ2961,21
SEQ2962,21
SEQ2963,21
SEQ2964,15
SEQ2965,24
SEQ2966,12
SEQ2967,24
SEQ2968,21
SEQ2969,24
SEQ2970,24
SEQ2971,15
SEQ2972,24
SEQ2973,21
SEQ2974,19
SEQ2975,16
SEQ2976,12
SEQ2977,24
SEQ2978,10
SEQ2979,21
SEQ2980,24
SEQ2981,24
SEQ2982,12
SEQ2983,17
SEQ2984,24
SEQ2985,24
SEQ2986,24
SEQ2987,15
SEQ2988,24
SEQ2989,15
SEQ2990,21
SEQ2991,21
SEQ2992,24
SEQ2993,21
SEQ2994,24
SEQ2995,24
SEQ2996,10
SEQ2997,17
SEQ2998,12
SEQ2999,21
SEQ3000,21
SEQ3001,21
SEQ3002,11
SEQ3003,15
SEQ3004,15
SEQ3005,24
SEQ3006,24
SEQ3007,15
SEQ3008,24
SEQ3009,24
SEQ3010,24
SEQ3011,24
SEQ3012,24
SEQ3013,17
SEQ3014,24
SEQ3015,21
SEQ3016,17
SEQ3017,24
SEQ3018,24
SEQ3019,21
SEQ3020,15
SEQ3021,24
SEQ3022,24
SEQ3023,24
SEQ3024,15
SEQ3025,15
SEQ3026,24
SEQ3027,24
SEQ3028,16
SEQ3029,24
SEQ3030,24
SEQ3031,24
SEQ3032,21
SEQ3033,24
SEQ3034,24
SEQ3035,10
SEQ3036,24
SEQ3037,24
SEQ3038,24
SEQ3039,24
SEQ3040,21
SEQ3041,24
SEQ3042,24
SEQ3043,21
SEQ3044,17
SEQ3045,17
SEQ3046,24
SEQ3047,24
SEQ3048,24
SEQ3049,21
SEQ3050,24
SEQ3051,21
SEQ3052,10
SEQ3053,12
SEQ3054,24
SEQ3055,15
SEQ3056,17
SEQ3057,24
SEQ3058,18
SEQ3059,21
SEQ3060,15
SEQ3061,24
SEQ3062,24
SEQ3063,11
SEQ3064,24
SEQ3065,24
SEQ3066,21
SEQ3067,24
SEQ3068,21
SEQ3069,21
SEQ3070,24
SEQ3071,17
SEQ3072,24
SEQ3073,24
SEQ3074,24
SEQ3075,24
SEQ3076,17
SEQ3077,24
SEQ3078,24
SEQ3079,15
SEQ3080,24
SEQ3081,24
SEQ3082,24
SEQ3083,15
SEQ3084,16
SEQ3085,24
SEQ3086,21
SEQ3087,12
SEQ3088,24
SEQ3089,24
SEQ3090,24
SEQ3091,24
SEQ3092,21
SEQ3093,24
SEQ3094,15
SEQ3095,24
SEQ3096,24
SEQ3097,15
SEQ3098,24
SEQ3099,24
SEQ3100,11
SEQ3101,15
SEQ3102,24
SEQ3103,17
SEQ3104,24
SEQ3105,24
SEQ3106,24
SEQ3107,24
SEQ3108,21
SEQ3109,24
SEQ3110,18
SEQ3111,15
SEQ3112,17
SEQ3113,24
SEQ3114,24
SEQ3115,24
SEQ3116,17
SEQ3117,17
SEQ3118,24
SEQ3119,24
SEQ3120,24
SEQ3121,24
SEQ3122,16
SEQ3123,17
SEQ3124,17
SEQ3125,12
SEQ3126,21
SEQ3127,24
SEQ3128,12
SEQ3129,11
SEQ3130,15
SEQ3131,24
SEQ3132,21
SEQ3133,15
SEQ3134,24
SEQ3135,24
SEQ3136,24
SEQ3137,21
SEQ3138,12
SEQ3139,10
SEQ3140,24
SEQ3141,24
SEQ3142,24
SEQ3143,21
SEQ3144,12
SEQ3145,24
SEQ3146,12
SEQ3147,24
SEQ3148,17
SEQ3149,24
SEQ3150,17
SEQ3151,24
SEQ3152,24
SEQ3153,11
SEQ3154,21
SEQ3155,15
SEQ3156,15
SEQ3157,11
SEQ3158,24
SEQ3159,10
SEQ3160,24
SEQ3161,21
SEQ3162,24
SEQ3163,24
SEQ3164,15
SEQ3165,24
SEQ3166,17
SEQ3167,11
SEQ3168,21
SEQ3169,21
SEQ3170,21
SEQ3171,15
SEQ3172,24
SEQ3173,15
SEQ3174,15
SEQ3175,24
SEQ3176,24
SEQ3177,17
SEQ3178,21
SEQ3179,12
SEQ3180,24
SEQ3181,21
SEQ3182,17
SEQ3183,24
SEQ3184,24
SEQ3185,24
SEQ3186,24
SEQ3187,21
SEQ3188,21
SEQ3189,15
SEQ3190,24
SEQ3191,24
SEQ3192,24
SEQ3193,15
SEQ3194,12
SEQ3195,15
SEQ3196,12
SEQ3197,19
SEQ3198,21
SEQ3199,15
SEQ3200,15
SEQ3201,21
SEQ3202,24
SEQ3203,24
SEQ3204,15
SEQ3205,15
SEQ3206,15
SEQ3207,13
SEQ3208,15
SEQ3209,24
SEQ3210,15
SEQ3211,24
SEQ3212,21
SEQ3213,24
SEQ3214,24
SEQ3215,24
SEQ3216,24
SEQ3217,10
SEQ3218,21
SEQ3219,17
SEQ3220,24
SEQ3221,10
SEQ3222,24
SEQ3223,24
SEQ3224,15
SEQ3225,21
SEQ3226,24
SEQ3227,24
SEQ3228,24
SEQ3229,24
SEQ3230,24
SEQ3231,11
SEQ3232,24
SEQ3233,24
SEQ3234,21
SEQ3235,10
SEQ3236,12
SEQ3237,24
SEQ3238,15
SEQ3239,12
SEQ3240,24
SEQ3241,24
SEQ3242,24
SEQ3243,21
SEQ3244,24
SEQ3245,24
SEQ3246,15
SEQ3247,24
SEQ3248,24
SEQ3249,24
SEQ3250,10
SEQ3251,24
SEQ3252,15
SEQ3253,21
SEQ3254,21
SEQ3255,24
SEQ3256,15
SEQ3257,24
SEQ3258,15
SEQ3259,24
SEQ3260,24
SEQ3261,17
SEQ3262,11
SEQ3263,24
SEQ3264,24
SEQ3265,21
SEQ3266,17
SEQ3267,24
SEQ3268,15
SEQ3269,21
SEQ3270,21
SEQ3271,24
SEQ3272,24
SEQ3273,17
SEQ3274,24
SEQ3275,11
SEQ3276,21
SEQ3277,12
SEQ3278,24
SEQ3279,24
SEQ3280,24
SEQ3281,24
SEQ3282,10
SEQ3283,24
SEQ3284,24
SEQ3285,24
SEQ3286,15
SEQ3287,11
SEQ3288,24
SEQ3289,12
SEQ3290,24
SEQ3291,24
SEQ3292,24
SEQ3293,24
SEQ3294,24
SEQ3295,21
SEQ3296,24
SEQ3297,15
SEQ3298,21
SEQ3299,24
SEQ3300,24
SEQ3301,24
SEQ3302,24
SEQ3303,24
SEQ3304,11
SEQ3305,24
SEQ3306,21
SEQ3307,15
SEQ3308,24
SEQ3309,24
SEQ3310,15
SEQ3311,21
SEQ3312,11
SEQ3313,24
SEQ3314,24
SEQ3315,21
SEQ3316,17
SEQ3317,24
SEQ3318,24
SEQ3319,24
SEQ3320,24
SEQ3321,24
SEQ3322,22
SEQ3323,21
SEQ3324,12
SEQ3325,24
SEQ3326,12
SEQ3327,24
SEQ3328,21
SEQ3329,21
SEQ3330,17
SEQ3331,24
SEQ3332,24
SEQ3333,15
SEQ3334,24
SEQ3335,21
SEQ3336,18
SEQ3337,24
SEQ3338,21
SEQ3339,17
SEQ3340,15
SEQ3341,21
SEQ3342,24
SEQ3343,18
SEQ3344,24
SEQ3345,17
SEQ3346,24
SEQ3347,24
SEQ3348,15
SEQ3349,11
SEQ3350,24
SEQ3351,24
SEQ3352,15
SEQ3353,24
SEQ3354,24
SEQ3355,21
SEQ3356,21
SEQ3357,24
SEQ3358,17
SEQ3359,24
SEQ3360,24
SEQ3361,24
SEQ3362,24
SEQ3363,24
SEQ3364,24
SEQ3365,24
SEQ3366,24
SEQ3367,24
SEQ3368,17
SEQ3369,24
SEQ3370,21
SEQ3371,24
SEQ3372,24
SEQ3373,11
SEQ3374,24
SEQ3375,21
SEQ3376,21
SEQ3377,24
SEQ3378,24
SEQ3379,15
SEQ3380,24
SEQ3381,15
SEQ3382,24
SEQ3383,24
SEQ3384,24
SEQ3385,24
SEQ3386,21
SEQ3387,17
SEQ3388,24
SEQ3389,16
SEQ3390,24
SEQ3391,21
SEQ3392,17
SEQ3393,24
SEQ3394,17
SEQ3395,24
SEQ3396,24
SEQ3397,21
SEQ3398,15
SEQ3399,24
SEQ3400,21
SEQ3401,21
SEQ3402,17
SEQ3403,15
SEQ3404,15
SEQ3405,11
SEQ3406,15
SEQ3407,24
SEQ3408,15
SEQ3409,17
SEQ3410,21
SEQ3411,24
SEQ3412,24
SEQ3413,15
SEQ3414,24
SEQ3415,10
SEQ3416,21
SEQ3417,24
SEQ3418,18
SEQ3419,24
SEQ3420,24
SEQ3421,24
SEQ3422,24
SEQ3423,24
SEQ3424,21
SEQ3425,24
SEQ3426,24
SEQ3427,13
SEQ3428,24
SEQ3429,13
SEQ3430,15
SEQ3431,24
SEQ3432,24
SEQ3433,21
SEQ3434,24
SEQ3435,21
SEQ3436,24
SEQ3437,24
SEQ3438,24
SEQ3439,21
SEQ3440,24
SEQ3441,24
SEQ3442,24
SEQ3443,24
SEQ3444,10
SEQ3445,24
SEQ3446,15
SEQ3447,15
SEQ3448,24
SEQ3449,11
SEQ3450,12
SEQ3451,24
SEQ3452,21
SEQ3453,24
SEQ3454,15
SEQ3455,24
SEQ3456,17
SEQ3457,24
SEQ3458,11
SEQ3459,15
SEQ3460,12
SEQ3461,24
SEQ3462,24
SEQ3463,17
SEQ3464,21
SEQ3465,24
SEQ3466,24
SEQ3467,24
SEQ3468,24
SEQ3469,24
SEQ3470,21
SEQ3471,24
SEQ3472,24
SEQ3473,15
SEQ3474,24
SEQ3475,24
SEQ3476,15
SEQ3477,24
SEQ3478,24
SEQ3479,21
SEQ3480,24
SEQ3481,12
SEQ3482,15
SEQ3483,10
SEQ3484,24
SEQ3485,21
SEQ3486,24
SEQ3487,21
SEQ3488,24
SEQ3489,12
SEQ3490,15
SEQ3491,21
SEQ3492,24
SEQ3493,21
SEQ3494,24
SEQ3495,11
SEQ3496,24
SEQ3497,24
SEQ3498,11
SEQ3499,24
SEQ3500,24
SEQ3501,24
SEQ3502,21
SEQ3503,24
SEQ3504,24
SEQ3505,15
SEQ3506,24
SEQ3507,21
SEQ3508,24
SEQ3509,16
SEQ3510,21
SEQ3511,24
SEQ3512,15
SEQ3513,15
SEQ3514,21
SEQ3515,24
SEQ3516,24
SEQ3517,17
SEQ3518,24
SEQ3519,15
SEQ3520,24
SEQ3521,15
SEQ3522,24
SEQ3523,24
SEQ3524,24
SEQ3525,21
SEQ3526,13
SEQ3527,21
SEQ3528,10
SEQ3529,24
SEQ3530,24
SEQ3531,24
SEQ3532,24
SEQ3533,24
SEQ3534,21
SEQ3535,15
SEQ3536,24
SEQ3537,24
SEQ3538,24
SEQ3539,24
SEQ3540,24
SEQ3541,15
SEQ3542,24
SEQ3543,15
SEQ3544,12
SEQ3545,21
SEQ3546,24
SEQ3547,10
SEQ3548,15
SEQ3549,24
SEQ3550,10
SEQ3551,24
SEQ3552,17
SEQ3553,21
SEQ3554,21
SEQ3555,10
SEQ3556,24
SEQ3557,15
SEQ3558,15
SEQ3559,11
SEQ3560,24
SEQ3561,24
SEQ3562,24
SEQ3563,24
SEQ3564,21
SEQ3565,24
SEQ3566,17
SEQ3567,24
SEQ3568,24
SEQ3569,24
SEQ3570,15
SEQ3571,24
SEQ3572,15
SEQ3573,15
SEQ3574,24
SEQ3575,24
SEQ3576,24
SEQ3577,24
SEQ3578,24
SEQ3579,24
SEQ3580,23
SEQ3581,18
SEQ3582,24
SEQ3583,24
SEQ3584,24
SEQ3585,24
SEQ3586,21
SEQ3587,24
SEQ3588,15
SEQ3589,24
SEQ3590,24
SEQ3591,24
SEQ3592,24
SEQ3593,24
SEQ3594,24
SEQ3595,24
SEQ3596,12
SEQ3597,17
SEQ3598,24
SEQ3599,24
SEQ3600,24
SEQ3601,18
SEQ3602,24
SEQ3603,24
SEQ3604,21
SEQ3605,24
SEQ3606,24
SEQ3607,24
SEQ3608,15
SEQ3609,11
SEQ3610,24
SEQ3611,24
SEQ3612,24
SEQ3613,24
SEQ3614,24
SEQ3615,24
SEQ3616,15
SEQ3617,17
SEQ3618,24
SEQ3619,24
SEQ3620,24
SEQ3621,24
SEQ3622,24
SEQ3623,10
SEQ3624,17
SEQ3625,24
SEQ3626,21
SEQ3627,24
SEQ3628,24
SEQ3629,21
SEQ3630,24
SEQ3631,24
SEQ3632,21
SEQ3633,24
SEQ3634,12
SEQ3635,24
SEQ3636,24
SEQ3637,24
SEQ3638,24
SEQ3639,24
SEQ3640,11
SEQ3641,21
SEQ3642,24
SEQ3643,24
SEQ3644,24
SEQ3645,21
SEQ3646,24
SEQ3647,21
SEQ3648,24
SEQ3649,12
SEQ3650,15
SEQ3651,15
SEQ3652,21
SEQ3653,21
SEQ3654,21
SEQ3655,15
SEQ3656,21
SEQ3657,15
SEQ3658,15
SEQ3659,21
SEQ3660,24
SEQ3661,15
SEQ3662,24
SEQ3663,24
SEQ3664,21
SEQ3665,21
SEQ3666,13
SEQ3667,15
SEQ3668,21
SEQ3669,24
SEQ3670,24
SEQ3671,21
SEQ3672,15
SEQ3673,24
SEQ3674,21
SEQ3675,21
SEQ3676,24
SEQ3677,24
SEQ3678,15
SEQ3679,24
SEQ3680,21
SEQ3681,21
SEQ3682,12
SEQ3683,24
SEQ3684,11
SEQ3685,24
SEQ3686,24
SEQ3687,21
SEQ3688,24
SEQ3689,15
SEQ3690,24
SEQ3691,24
SEQ3692,24
SEQ3693,12
SEQ3694,13
SEQ3695,24
SEQ3696,21
SEQ3697,24
SEQ3698,24
SEQ3699,24
SEQ3700,24
SEQ3701,24
SEQ3702,11
SEQ3703,24
SEQ3704,24
SEQ3705,24
SEQ3706,15
SEQ3707,24
SEQ3708,15
SEQ3709,15
SEQ3710,21
SEQ3711,12
SEQ3712,24
SEQ3713,17
SEQ3714,15
SEQ3715,24
SEQ3716,15
SEQ3717,11
SEQ3718,21
SEQ3719,24
SEQ3720,21
SEQ3721,21
SEQ3722,15
SEQ3723,13
SEQ3724,24
SEQ3725,12
SEQ3726,24
SEQ3727,15
SEQ3728,24
SEQ3729,15
SEQ3730,24
SEQ3731,10
SEQ3732,24
SEQ3733,24
SEQ3734,15
SEQ3735,24
SEQ3736,24
SEQ3737,15
SEQ3738,24
SEQ3739,24
SEQ3740,11
SEQ3741,24
SEQ3742,24
SEQ3743,24
SEQ3744,24
SEQ3745,24
SEQ3746,24
SEQ3747,24
SEQ3748,21
SEQ3749,15
SEQ3750,12
SEQ3751,24
SEQ3752,24
SEQ3753,24
SEQ3754,24
SEQ3755,24
SEQ3756,24
SEQ3757,12
SEQ3758,17
SEQ3759,17
SEQ3760,24
SEQ3761,24
SEQ3762,24
SEQ3763,24
SEQ3764,10
SEQ3765,24
SEQ3766,24
SEQ3767,18
SEQ3768,24
SEQ3769,24
SEQ3770,18
SEQ3771,24
SEQ3772,24
SEQ3773,21
SEQ3774,24
SEQ3775,12
SEQ3776,24
SEQ3777,24
SEQ3778,21
SEQ3779,10
SEQ3780,11
SEQ3781,24
SEQ3782,21
SEQ3783,24
SEQ3784,10
SEQ3785,24
SEQ3786,24
SEQ3787,24
SEQ3788,21
SEQ3789,18
SEQ3790,24
SEQ3791,18
SEQ3792,24
SEQ3793,21
SEQ3794,24
SEQ3795,24
SEQ3796,21
SEQ3797,21
SEQ3798,21
SEQ3799,15
SEQ3800,24
SEQ3801,21
SEQ3802,21
SEQ3803,24
SEQ3804,24
SEQ3805,21
SEQ3806,24
SEQ3807,24
SEQ3808,11
SEQ3809,24
SEQ3810,24
SEQ3811,24
SEQ3812,17
SEQ3813,21
SEQ3814,17
SEQ3815,24
SEQ3816,24
SEQ3817,15
SEQ3818,24
SEQ3819,24
SEQ3820,18
SEQ3821,24
SEQ3822,24
SEQ3823,21
SEQ3824,24
SEQ3825,15
SEQ3826,13
SEQ3827,24
SEQ3828,24
SEQ3829,24
SEQ3830,15
SEQ3831,15
SEQ3832,15
SEQ3833,24
SEQ3834,24
SEQ3835,15
SEQ3836,24
SEQ3837,21
SEQ3838,21
SEQ3839,24
SEQ3840,24
SEQ3841,24
SEQ3842,13
SEQ3843,11
SEQ3844,15
SEQ3845,21
SEQ3846,24
SEQ3847,24
SEQ3848,11
SEQ3849,15
SEQ3850,15
SEQ3851,24
SEQ3852,24
SEQ3853,24
SEQ3854,21
SEQ3855,13
SEQ3856,24
SEQ3857,18
SEQ3858,24
SEQ3859,24
SEQ3860,24
SEQ3861,24
SEQ3862,24
SEQ3863,24
SEQ3864,24
SEQ3865,24
SEQ3866,24
SEQ3867,24
SEQ3868,24
SEQ3869,24
SEQ3870,21
SEQ3871,21
SEQ3872,24
SEQ3873,21
SEQ3874,24
SEQ3875,24
SEQ3876,13
SEQ3877,24
SEQ3878,11
SEQ3879,24
SEQ3880,24
SEQ3881,24
SEQ3882,24
SEQ3883,21
SEQ3884,15
SEQ3885,24
SEQ3886,24
SEQ3887,21
SEQ3888,24
SEQ3889,21
SEQ3890,24
SEQ3891,24
SEQ3892,24
SEQ3893,24
SEQ3894,24
SEQ3895,17
SEQ3896,24
SEQ3897,17
SEQ3898,21
SEQ3899,21
SEQ3900,24
SEQ3901,21
SEQ3902,15
SEQ3903,24
SEQ3904,24
SEQ3905,24
SEQ3906,12
SEQ3907,21
SEQ3908,21
SEQ3909,21
SEQ3910,24
SEQ3911,24
SEQ3912,11
SEQ3913,21
SEQ3914,21
SEQ3915,24
SEQ3916,15
SEQ3917,17
SEQ3918,24
SEQ3919,10
SEQ3920,12
SEQ3921,21
SEQ3922,24
SEQ3923,24
SEQ3924,24
SEQ3925,15
SEQ3926,24
SEQ3927,24
SEQ3928,15
SEQ3929,24
SEQ3930,24
SEQ3931,11
SEQ3932,24
SEQ3933,21
SEQ3934,24
SEQ3935,24
SEQ3936,24
SEQ3937,24
SEQ3938,17
SEQ3939,24
SEQ3940,11
SEQ3941,24
SEQ3942,23
SEQ3943,24
SEQ3944,24
SEQ3945,21
SEQ3946,24
SEQ3947,24
SEQ3948,24
SEQ3949,24
SEQ3950,24
SEQ3951,21
SEQ3952,24
SEQ3953,24
SEQ3954,24
SEQ3955,24
SEQ3956,10
SEQ3957,17
SEQ3958,15
SEQ3959,24
SEQ3960,15
SEQ3961,24
SEQ3962,15
SEQ3963,24
SEQ3964,24
SEQ3965,24
SEQ3966,15
SEQ3967,21
SEQ3968,24
SEQ3969,24
SEQ3970,24
SEQ3971,15
SEQ3972,24
SEQ3973,12
SEQ3974,15
SEQ3975,24
SEQ3976,15
SEQ3977,24
SEQ3978,24
SEQ3979,17
SEQ3980,17
SEQ3981,15
SEQ3982,24
SEQ3983,21
SEQ3984,10
SEQ3985,10
SEQ3986,24
SEQ3987,15
SEQ3988,15
SEQ3989,24
SEQ3990,24
SEQ3991,24
SEQ3992,15
SEQ3993,24
SEQ3994,24
SEQ3995,12
SEQ3996,15
SEQ3997,17
SEQ3998,24
SEQ3999,24
SEQ4000,21
SEQ4001,18
SEQ4002,24
SEQ4003,24
SEQ4004,21
SEQ4005,24
SEQ4006,24
SEQ4007,15
SEQ4008,24
SEQ4009,17
SEQ4010,21
SEQ4011,24
SEQ4012,24
SEQ4013,24
SEQ4014,24
SEQ4015,24
SEQ4016,24
SEQ4017,24
SEQ4018,24
SEQ4019,21
SEQ4020,18
SEQ4021,24
SEQ4022,24
SEQ4023,24
SEQ4024,24
SEQ4025,15
SEQ4026,24
SEQ4027,24
SEQ4028,24
SEQ4029,24
SEQ4030,24
SEQ4031,21
SEQ4032,24
SEQ4033,15
SEQ4034,24
SEQ4035,24
SEQ4036,24
SEQ4037,24
SEQ4038,24
SEQ4039,21
SEQ4040,12
SEQ4041,24
SEQ4042,24
SEQ4043,24
SEQ4044,24
SEQ4045,24
SEQ4046,21
SEQ4047,24
SEQ4048,15
SEQ4049,24
SEQ4050,24
SEQ4051,15
SEQ4052,24
SEQ4053,24
SEQ4054,21
SEQ4055,24
SEQ4056,24
SEQ4057,21
SEQ4058,12
SEQ4059,21
SEQ4060,12
SEQ4061,21
SEQ4062,15
SEQ4063,24
SEQ4064,24
SEQ4065,17
SEQ4066,15
SEQ4067,15
SEQ4068,16
SEQ4069,24
SEQ4070,24
SEQ4071,17
SEQ4072,21
SEQ4073,24
SEQ4074,11
SEQ4075,15
SEQ4076,24
SEQ4077,24
SEQ4078,16
SEQ4079,10
SEQ4080,15
SEQ4081,15
SEQ4082,15
SEQ4083,24
SEQ4084,11
SEQ4085,24
SEQ4086,21
SEQ4087,24
SEQ4088,21
SEQ4089,24
SEQ4090,24
SEQ4091,15
SEQ4092,15
SEQ4093,24
SEQ4094,15
SEQ4095,24
SEQ4096,24
SEQ4097,21
SEQ4098,10
SEQ4099,24
SEQ4100,24
SEQ4101,24
SEQ4102,24
SEQ4103,15
SEQ4104,16
SEQ4105,13
SEQ4106,21
SEQ4107,21
SEQ4108,24
SEQ4109,12
SEQ4110,24
SEQ4111,24
SEQ4112,17
SEQ4113,24
SEQ4114,10
SEQ4115,24
SEQ4116,21
SEQ4117,21
SEQ4118,24
SEQ4119,13
SEQ4120,24
SEQ4121,24
SEQ4122,24
SEQ4123,24
SEQ4124,10
SEQ4125,24
SEQ4126,24
SEQ4127,24
SEQ4128,15
SEQ4129,24
SEQ4130,24
SEQ4131,24
SEQ4132,17
SEQ4133,24
SEQ4134,13
SEQ4135,24
SEQ4136,15
SEQ4137,24
SEQ4138,21
SEQ4139,24
SEQ4140,24
SEQ4141,24
SEQ4142,21
SEQ4143,24
SEQ4144,24
SEQ4145,24
SEQ4146,24
SEQ4147,24
SEQ4148,24
SEQ4149,24
SEQ4150,17
SEQ4151,24
SEQ4152,24
SEQ4153,24
SEQ4154,17
SEQ4155,24
SEQ4156,24
SEQ4157,10
SEQ4158,21
SEQ4159,24
SEQ4160,15
SEQ4161,24
SEQ4162,15
SEQ4163,24
SEQ4164,24
SEQ4165,24
SEQ4166,21
SEQ4167,10
SEQ4168,24
SEQ4169,10
SEQ4170,24
SEQ4171,24
SEQ4172,24
SEQ4173,24
SEQ4174,10
SEQ4175,24
SEQ4176,21
SEQ4177,15
SEQ4178,24
SEQ4179,10
SEQ4180,24
SEQ4181,24
SEQ4182,10
SEQ4183,17
SEQ4184,24
SEQ4185,21
SEQ4186,24
SEQ4187,24
SEQ4188,24
SEQ4189,15
SEQ4190,24
SEQ4191,15
SEQ4192,21
SEQ4193,17
SEQ4194,24
SEQ4195,17
SEQ4196,12
SEQ4197,24
SEQ4198,24
SEQ4199,24
SEQ4200,24
SEQ4201,16
SEQ4202,17
SEQ4203,24
SEQ4204,15
SEQ4205,24
SEQ4206,24
SEQ4207,15
SEQ4208,24
SEQ4209,24
SEQ4210,15
SEQ4211,24
SEQ4212,17
SEQ4213,21
SEQ4214,12
SEQ4215,15
SEQ4216,24
SEQ4217,21
SEQ4218,21
SEQ4219,15
SEQ4220,24
SEQ4221,24
SEQ4222,10
SEQ4223,15
SEQ4224,24
SEQ4225,15
SEQ4226,17
SEQ4227,24
SEQ4228,13
SEQ4229,15
SEQ4230,13
SEQ4231,24
SEQ4232,24
SEQ4233,18
SEQ4234,24
SEQ4235,21
SEQ4236,15
SEQ4237,24
SEQ4238,24
SEQ4239,24
SEQ4240,21
SEQ4241,15
SEQ4242,17
SEQ4243,24
SEQ4244,24
SEQ4245,21
SEQ4246,15
SEQ4247,17
SEQ4248,15
SEQ4249,15
SEQ4250,10
SEQ4251,24
SEQ4252,21
SEQ4253,24
SEQ4254,24
SEQ4255,24
SEQ4256,16
SEQ4257,24
SEQ4258,24
SEQ4259,21
SEQ4260,21
SEQ4261,24
SEQ4262,21
SEQ4263,24
SEQ4264,12
SEQ4265,10
SEQ4266,24
SEQ4267,24
SEQ4268,24
SEQ4269,24
SEQ4270,18
SEQ4271,24
SEQ4272,15
SEQ4273,24
SEQ4274,24
SEQ4275,12
SEQ4276,21
SEQ4277,24
SEQ4278,21
SEQ4279,21
SEQ4280,10
SEQ4281,24
SEQ4282,10
SEQ4283,24
SEQ4284,24
SEQ4285,24
SEQ4286,24
SEQ4287,24
SEQ4288,24
SEQ4289,24
SEQ4290,21
SEQ4291,24
SEQ4292,12
SEQ4293,24
SEQ4294,24
SEQ4295,24
SEQ4296,11
SEQ4297,17
SEQ4298,24
SEQ4299,24
SEQ4300,15
SEQ4301,24
SEQ4302,24
SEQ4303,24
SEQ4304,24
SEQ4305,21
SEQ4306,21
SEQ4307,11
SEQ4308,24
SEQ4309,21
SEQ4310,12
SEQ4311,24
SEQ4312,21
SEQ4313,24
SEQ4314,21
SEQ4315,24
SEQ4316,12
SEQ4317,24
SEQ4318,21
SEQ4319,24
SEQ4320,10
SEQ4321,21
SEQ4322,24
SEQ4323,21
SEQ4324,24
SEQ4325,13
SEQ4326,24
SEQ4327,11
SEQ4328,15
SEQ4329,24
SEQ4330,24
SEQ4331,21
SEQ4332,21
SEQ4333,17
SEQ4334,21
SEQ4335,15
SEQ4336,24
SEQ4337,21
SEQ4338,24
SEQ4339,24
SEQ4340,24
SEQ4341,10
SEQ4342,24
SEQ4343,24
SEQ4344,24
SEQ4345,12
SEQ4346,15
SEQ4347,21
SEQ4348,10
SEQ4349,24
SEQ4350,24
SEQ4351,24
SEQ4352,24
SEQ4353,21
SEQ4354,24
SEQ4355,24
SEQ4356,24
SEQ4357,15
SEQ4358,18
SEQ4359,24
SEQ4360,24
SEQ4361,15
SEQ4362,15
SEQ4363,24
SEQ4364,24
SEQ4365,24
SEQ4366,17
SEQ4367,17
SEQ4368,15
SEQ4369,21
SEQ4370,24
SEQ4371,21
SEQ4372,13
SEQ4373,24
SEQ4374,21
SEQ4375,24
SEQ4376,24
SEQ4377,24
SEQ4378,24
SEQ4379,24
SEQ4380,15
SEQ4381,15
SEQ4382,24
SEQ4383,11
SEQ4384,24
SEQ4385,24
SEQ4386,24
SEQ4387,15
SEQ4388,21
SEQ4389,24
SEQ4390,15
SEQ4391,18
SEQ4392,10
SEQ4393,21
SEQ4394,21
SEQ4395,17
SEQ4396,24
SEQ4397,24
SEQ4398,10
SEQ4399,24
SEQ4400,11
SEQ4401,24
SEQ4402,21
SEQ4403,15
SEQ4404,13
SEQ4405,24
SEQ4406,12
SEQ4407,15
SEQ4408,24
SEQ4409,24
SEQ4410,18
SEQ4411,24
SEQ4412,24
SEQ4413,24
SEQ4414,11
SEQ4415,24
SEQ4416,24
SEQ4417,17
SEQ4418,12
SEQ4419,24
SEQ4420,18
SEQ4421,21
SEQ4422,24
SEQ4423,24
SEQ4424,18
SEQ4425,24
SEQ4426,17
SEQ4427,10
SEQ4428,24
SEQ4429,24
SEQ4430,24
SEQ4431,24
SEQ4432,21
SEQ4433,17
SEQ4434,24
SEQ4435,15
SEQ4436,24
SEQ4437,24
SEQ4438,21
SEQ4439,10
SEQ4440,24
SEQ4441,21
SEQ4442,24
SEQ4443,24
SEQ4444,24
SEQ4445,24
SEQ4446,15
SEQ4447,24
SEQ4448,24
SEQ4449,24
SEQ4450,24
SEQ4451,24
SEQ4452,21
SEQ4453,24
SEQ4454,15
SEQ4455,24
SEQ4456,24
SEQ4457,24
SEQ4458,21
SEQ4459,24
SEQ4460,21
SEQ4461,11
SEQ4462,12
SEQ4463,24
SEQ4464,11
SEQ4465,15
SEQ4466,21
SEQ4467,24
SEQ4468,24
